{
  "schemaVersion": 1,
  "id": "frex",
  "version": "6.0.236",
  "name": "FREX",
  "description": "Advanced rendering features for Minecraft mods",
  "authors": [
    "Grondag"
  ],
  "contact": {
    "homepage": "https://minecraft.curseforge.com/projects/frex",
    "issues": "https://github.com/vram-guild/frex/issues",
    "sources": "https://github.com/vram-guild/frex"
  },
  "license": "LGPL-3.0",
  "icon": "assets/frex/frex_icon.png",
  "environment": "client",
  "mixins": [
    "frex.common.json",
    "frex.fabric.json",
    "frex.pastel.json",
    "frex.fabricevents.json"
  ],
  "entrypoints": {
    "client": [
      "io.vram.frex.fabric.FrexMod"
    ]
  },
  "depends": {
    "fabricloader": "\u003e\u003d0.12.11",
    "minecraft": "1.18.1",
    "java": "\u003e\u003d17"
  },
  "custom": {
    "fabric-renderer-api-v1:contains_renderer": true,
    "modmenu": {
      "badges": [
        "library"
      ]
    }
  },
  "accessWidener": "frex.accesswidener",
  "jars": [
    {
      "file": "META-INF/jars/fabric-api-base-0.4.1+b4f4f6cdc8.jar"
    },
    {
      "file": "META-INF/jars/fabric-resource-loader-v0-0.4.11+3ac43d95c8.jar"
    },
    {
      "file": "META-INF/jars/bitkit-1.0.1.jar"
    }
  ]
}