{
  "required": true,
  "minVersion": "0.8",
  "package": "io.vram.frex.pastel.mixin",
  "compatibilityLevel": "JAVA_16",
  "plugin": "io.vram.frex.pastel.mixin.PastelMixinPlugin",
  "mixins": [
    "MixinBlockRenderDispatcher",
    "MixinChunkRebuildTask",
    "MixinCompiledChunk",
    "MixinEntityRenderDispatcher",
    "MixinItemFrameRenderer",
    "MixinItemRenderer",
    "MixinModelBlockRenderer",
    "MixinRenderChunkRegion",
    "MixinRenderRegionCache"
  ],
  "injectors": {
    "defaultRequire": 1
  },
  "overwrites": {
    "conformVisibility": true
  },
  "refmap": "frex-refmap.json"
}