{
  "mappings": {
    "io/vram/frex/mixin/MixinModelBakery": {
      "loadModel": "Lnet/minecraft/class_1088;method_4715(Lnet/minecraft/class_2960;)V"
    },
    "io/vram/frex/pastel/mixin/MixinItemRenderer": {
      "render": "Lnet/minecraft/class_918;method_23179(Lnet/minecraft/class_1799;Lnet/minecraft/class_809$class_811;ZLnet/minecraft/class_4587;Lnet/minecraft/class_4597;IILnet/minecraft/class_1087;)V"
    },
    "io/vram/frex/mixin/MixinBlockColors": {
      "createDefault": "Lnet/minecraft/class_324;method_1689()Lnet/minecraft/class_324;"
    },
    "io/vram/frex/mixin/MixinTerrainParticle": {
      "<init>(Lnet/minecraft/client/multiplayer/ClientLevel;DDDDDDLnet/minecraft/world/level/block/state/BlockState;Lnet/minecraft/core/BlockPos;)V": "Lnet/minecraft/class_727;<init>(Lnet/minecraft/class_638;DDDDDDLnet/minecraft/class_2680;Lnet/minecraft/class_2338;)V"
    },
    "io/vram/frex/mixin/MixinLevelRenderer": {
      "Lnet/minecraft/client/renderer/LevelRenderer;allChanged()V": "Lnet/minecraft/class_761;method_3279()V"
    },
    "io/vram/frex/pastel/mixin/MixinItemFrameRenderer": {
      "Lnet/minecraft/client/renderer/entity/ItemFrameRenderer;render(Lnet/minecraft/world/entity/decoration/ItemFrame;FFLcom/mojang/blaze3d/vertex/PoseStack;Lnet/minecraft/client/renderer/MultiBufferSource;I)V": "Lnet/minecraft/class_915;method_3994(Lnet/minecraft/class_1533;FFLnet/minecraft/class_4587;Lnet/minecraft/class_4597;I)V",
      "Lnet/minecraft/client/renderer/block/ModelBlockRenderer;renderModel(Lcom/mojang/blaze3d/vertex/PoseStack$Pose;Lcom/mojang/blaze3d/vertex/VertexConsumer;Lnet/minecraft/world/level/block/state/BlockState;Lnet/minecraft/client/resources/model/BakedModel;FFFII)V": "Lnet/minecraft/class_778;method_3367(Lnet/minecraft/class_4587$class_4665;Lnet/minecraft/class_4588;Lnet/minecraft/class_2680;Lnet/minecraft/class_1087;FFFII)V"
    },
    "io/vram/frex/fabric/mixin/events/MixinLevelRendererEvents": {
      "Lnet/minecraft/client/particle/ParticleEngine;render(Lcom/mojang/blaze3d/vertex/PoseStack;Lnet/minecraft/client/renderer/MultiBufferSource$BufferSource;Lnet/minecraft/client/renderer/LightTexture;Lnet/minecraft/client/Camera;F)V": "Lnet/minecraft/class_702;method_3049(Lnet/minecraft/class_4587;Lnet/minecraft/class_4597$class_4598;Lnet/minecraft/class_765;Lnet/minecraft/class_4184;F)V",
      "renderLevel": "Lnet/minecraft/class_761;method_22710(Lnet/minecraft/class_4587;FJZLnet/minecraft/class_4184;Lnet/minecraft/class_757;Lnet/minecraft/class_765;Lnet/minecraft/class_1159;)V",
      "Lnet/minecraft/client/renderer/debug/DebugRenderer;render(Lcom/mojang/blaze3d/vertex/PoseStack;Lnet/minecraft/client/renderer/MultiBufferSource$BufferSource;DDD)V": "Lnet/minecraft/class_863;method_23099(Lnet/minecraft/class_4587;Lnet/minecraft/class_4597$class_4598;DDD)V",
      "setupRender": "Lnet/minecraft/class_761;method_3273(Lnet/minecraft/class_4184;Lnet/minecraft/class_4604;ZZ)V",
      "Lnet/minecraft/client/Minecraft;hitResult:Lnet/minecraft/world/phys/HitResult;": "Lnet/minecraft/class_310;field_1765:Lnet/minecraft/class_239;",
      "Lcom/mojang/blaze3d/vertex/PoseStack;pushPose()V": "Lnet/minecraft/class_4587;method_22903()V",
      "Lnet/minecraft/client/renderer/LevelRenderer;renderChunkLayer(Lnet/minecraft/client/renderer/RenderType;Lcom/mojang/blaze3d/vertex/PoseStack;DDDLcom/mojang/math/Matrix4f;)V": "Lnet/minecraft/class_761;method_3251(Lnet/minecraft/class_1921;Lnet/minecraft/class_4587;DDDLnet/minecraft/class_1159;)V",
      "renderHitOutline": "Lnet/minecraft/class_761;method_22712(Lnet/minecraft/class_4587;Lnet/minecraft/class_4588;Lnet/minecraft/class_1297;DDDLnet/minecraft/class_2338;Lnet/minecraft/class_2680;)V",
      "Lnet/minecraft/client/renderer/LevelRenderer;renderDebug(Lnet/minecraft/client/Camera;)V": "Lnet/minecraft/class_761;method_22989(Lnet/minecraft/class_4184;)V"
    },
    "io/vram/frex/pastel/mixin/MixinModelBlockRenderer": {
      "tesselateBlock": "Lnet/minecraft/class_778;method_3374(Lnet/minecraft/class_1920;Lnet/minecraft/class_1087;Lnet/minecraft/class_2680;Lnet/minecraft/class_2338;Lnet/minecraft/class_4587;Lnet/minecraft/class_4588;ZLjava/util/Random;JI)Z"
    },
    "io/vram/frex/pastel/mixin/MixinBlockRenderDispatcher": {
      "renderSingleBlock": "Lnet/minecraft/class_776;method_3353(Lnet/minecraft/class_2680;Lnet/minecraft/class_4587;Lnet/minecraft/class_4597;II)V",
      "Lnet/minecraft/client/renderer/block/ModelBlockRenderer;renderModel(Lcom/mojang/blaze3d/vertex/PoseStack$Pose;Lcom/mojang/blaze3d/vertex/VertexConsumer;Lnet/minecraft/world/level/block/state/BlockState;Lnet/minecraft/client/resources/model/BakedModel;FFFII)V": "Lnet/minecraft/class_778;method_3367(Lnet/minecraft/class_4587$class_4665;Lnet/minecraft/class_4588;Lnet/minecraft/class_2680;Lnet/minecraft/class_1087;FFFII)V"
    },
    "io/vram/frex/mixin/MixinTextureAltasCommon": {
      "reload": "Lnet/minecraft/class_1059;method_18159(Lnet/minecraft/class_1059$class_4007;)V",
      "getBasicSpriteInfos": "Lnet/minecraft/class_1059;method_18164(Lnet/minecraft/class_3300;Ljava/util/Set;)Ljava/util/Collection;"
    },
    "io/vram/frex/pastel/mixin/MixinEntityRenderDispatcher": {
      "render": "Lnet/minecraft/class_898;method_3954(Lnet/minecraft/class_1297;DDDFFLnet/minecraft/class_4587;Lnet/minecraft/class_4597;I)V"
    },
    "io/vram/frex/mixin/MixinItemColors": {
      "createDefault": "Lnet/minecraft/class_325;method_1706(Lnet/minecraft/class_324;)Lnet/minecraft/class_325;"
    },
    "io/vram/frex/mixin/MixinTextureAltasNoFabric": {
      "reload": "Lnet/minecraft/class_1059;method_18159(Lnet/minecraft/class_1059$class_4007;)V"
    },
    "io/vram/frex/pastel/mixin/MixinChunkRebuildTask": {
      "Lnet/minecraft/client/renderer/chunk/RenderChunkRegion;getBlockState(Lnet/minecraft/core/BlockPos;)Lnet/minecraft/world/level/block/state/BlockState;": "Lnet/minecraft/class_853;method_8320(Lnet/minecraft/class_2338;)Lnet/minecraft/class_2680;",
      "Lnet/minecraft/client/renderer/chunk/ChunkRenderDispatcher$RenderChunk$RebuildTask;compile(FFFLnet/minecraft/client/renderer/chunk/ChunkRenderDispatcher$CompiledChunk;Lnet/minecraft/client/renderer/ChunkBufferBuilderPack;)Ljava/util/Set;": "Lnet/minecraft/class_846$class_851$class_4578;method_22785(FFFLnet/minecraft/class_846$class_849;Lnet/minecraft/class_750;)Ljava/util/Set;",
      "Lnet/minecraft/client/renderer/block/ModelBlockRenderer;enableCaching()V": "Lnet/minecraft/class_778;method_20544()V",
      "Lnet/minecraft/client/renderer/block/BlockRenderDispatcher;renderLiquid(Lnet/minecraft/core/BlockPos;Lnet/minecraft/world/level/BlockAndTintGetter;Lcom/mojang/blaze3d/vertex/VertexConsumer;Lnet/minecraft/world/level/material/FluidState;)Z": "Lnet/minecraft/class_776;method_3352(Lnet/minecraft/class_2338;Lnet/minecraft/class_1920;Lnet/minecraft/class_4588;Lnet/minecraft/class_3610;)Z",
      "net.minecraft.client.renderer.chunk.ChunkRenderDispatcher$RenderChunk$RebuildTask": "net/minecraft/class_846$class_851$class_4578",
      "Lnet/minecraft/client/renderer/block/BlockRenderDispatcher;renderBatched(Lnet/minecraft/world/level/block/state/BlockState;Lnet/minecraft/core/BlockPos;Lnet/minecraft/world/level/BlockAndTintGetter;Lcom/mojang/blaze3d/vertex/PoseStack;Lcom/mojang/blaze3d/vertex/VertexConsumer;ZLjava/util/Random;)Z": "Lnet/minecraft/class_776;method_3355(Lnet/minecraft/class_2680;Lnet/minecraft/class_2338;Lnet/minecraft/class_1920;Lnet/minecraft/class_4587;Lnet/minecraft/class_4588;ZLjava/util/Random;)Z"
    },
    "io/vram/frex/pastel/mixin/MixinRenderRegionCache": {
      "isAllEmpty": "Lnet/minecraft/class_6850;method_39970(Lnet/minecraft/class_2338;Lnet/minecraft/class_2338;II[[Lnet/minecraft/class_6850$class_6851;)Z",
      "createRegion": "Lnet/minecraft/class_6850;method_39969(Lnet/minecraft/class_1937;Lnet/minecraft/class_2338;Lnet/minecraft/class_2338;I)Lnet/minecraft/class_853;"
    }
  },
  "data": {
    "named:intermediary": {
      "io/vram/frex/mixin/MixinModelBakery": {
        "loadModel": "Lnet/minecraft/class_1088;method_4715(Lnet/minecraft/class_2960;)V"
      },
      "io/vram/frex/pastel/mixin/MixinItemRenderer": {
        "render": "Lnet/minecraft/class_918;method_23179(Lnet/minecraft/class_1799;Lnet/minecraft/class_809$class_811;ZLnet/minecraft/class_4587;Lnet/minecraft/class_4597;IILnet/minecraft/class_1087;)V"
      },
      "io/vram/frex/mixin/MixinBlockColors": {
        "createDefault": "Lnet/minecraft/class_324;method_1689()Lnet/minecraft/class_324;"
      },
      "io/vram/frex/mixin/MixinTerrainParticle": {
        "<init>(Lnet/minecraft/client/multiplayer/ClientLevel;DDDDDDLnet/minecraft/world/level/block/state/BlockState;Lnet/minecraft/core/BlockPos;)V": "Lnet/minecraft/class_727;<init>(Lnet/minecraft/class_638;DDDDDDLnet/minecraft/class_2680;Lnet/minecraft/class_2338;)V"
      },
      "io/vram/frex/mixin/MixinLevelRenderer": {
        "Lnet/minecraft/client/renderer/LevelRenderer;allChanged()V": "Lnet/minecraft/class_761;method_3279()V"
      },
      "io/vram/frex/pastel/mixin/MixinItemFrameRenderer": {
        "Lnet/minecraft/client/renderer/entity/ItemFrameRenderer;render(Lnet/minecraft/world/entity/decoration/ItemFrame;FFLcom/mojang/blaze3d/vertex/PoseStack;Lnet/minecraft/client/renderer/MultiBufferSource;I)V": "Lnet/minecraft/class_915;method_3994(Lnet/minecraft/class_1533;FFLnet/minecraft/class_4587;Lnet/minecraft/class_4597;I)V",
        "Lnet/minecraft/client/renderer/block/ModelBlockRenderer;renderModel(Lcom/mojang/blaze3d/vertex/PoseStack$Pose;Lcom/mojang/blaze3d/vertex/VertexConsumer;Lnet/minecraft/world/level/block/state/BlockState;Lnet/minecraft/client/resources/model/BakedModel;FFFII)V": "Lnet/minecraft/class_778;method_3367(Lnet/minecraft/class_4587$class_4665;Lnet/minecraft/class_4588;Lnet/minecraft/class_2680;Lnet/minecraft/class_1087;FFFII)V"
      },
      "io/vram/frex/fabric/mixin/events/MixinLevelRendererEvents": {
        "Lnet/minecraft/client/particle/ParticleEngine;render(Lcom/mojang/blaze3d/vertex/PoseStack;Lnet/minecraft/client/renderer/MultiBufferSource$BufferSource;Lnet/minecraft/client/renderer/LightTexture;Lnet/minecraft/client/Camera;F)V": "Lnet/minecraft/class_702;method_3049(Lnet/minecraft/class_4587;Lnet/minecraft/class_4597$class_4598;Lnet/minecraft/class_765;Lnet/minecraft/class_4184;F)V",
        "renderLevel": "Lnet/minecraft/class_761;method_22710(Lnet/minecraft/class_4587;FJZLnet/minecraft/class_4184;Lnet/minecraft/class_757;Lnet/minecraft/class_765;Lnet/minecraft/class_1159;)V",
        "Lnet/minecraft/client/renderer/debug/DebugRenderer;render(Lcom/mojang/blaze3d/vertex/PoseStack;Lnet/minecraft/client/renderer/MultiBufferSource$BufferSource;DDD)V": "Lnet/minecraft/class_863;method_23099(Lnet/minecraft/class_4587;Lnet/minecraft/class_4597$class_4598;DDD)V",
        "setupRender": "Lnet/minecraft/class_761;method_3273(Lnet/minecraft/class_4184;Lnet/minecraft/class_4604;ZZ)V",
        "Lnet/minecraft/client/Minecraft;hitResult:Lnet/minecraft/world/phys/HitResult;": "Lnet/minecraft/class_310;field_1765:Lnet/minecraft/class_239;",
        "Lcom/mojang/blaze3d/vertex/PoseStack;pushPose()V": "Lnet/minecraft/class_4587;method_22903()V",
        "Lnet/minecraft/client/renderer/LevelRenderer;renderChunkLayer(Lnet/minecraft/client/renderer/RenderType;Lcom/mojang/blaze3d/vertex/PoseStack;DDDLcom/mojang/math/Matrix4f;)V": "Lnet/minecraft/class_761;method_3251(Lnet/minecraft/class_1921;Lnet/minecraft/class_4587;DDDLnet/minecraft/class_1159;)V",
        "renderHitOutline": "Lnet/minecraft/class_761;method_22712(Lnet/minecraft/class_4587;Lnet/minecraft/class_4588;Lnet/minecraft/class_1297;DDDLnet/minecraft/class_2338;Lnet/minecraft/class_2680;)V",
        "Lnet/minecraft/client/renderer/LevelRenderer;renderDebug(Lnet/minecraft/client/Camera;)V": "Lnet/minecraft/class_761;method_22989(Lnet/minecraft/class_4184;)V"
      },
      "io/vram/frex/pastel/mixin/MixinModelBlockRenderer": {
        "tesselateBlock": "Lnet/minecraft/class_778;method_3374(Lnet/minecraft/class_1920;Lnet/minecraft/class_1087;Lnet/minecraft/class_2680;Lnet/minecraft/class_2338;Lnet/minecraft/class_4587;Lnet/minecraft/class_4588;ZLjava/util/Random;JI)Z"
      },
      "io/vram/frex/pastel/mixin/MixinBlockRenderDispatcher": {
        "renderSingleBlock": "Lnet/minecraft/class_776;method_3353(Lnet/minecraft/class_2680;Lnet/minecraft/class_4587;Lnet/minecraft/class_4597;II)V",
        "Lnet/minecraft/client/renderer/block/ModelBlockRenderer;renderModel(Lcom/mojang/blaze3d/vertex/PoseStack$Pose;Lcom/mojang/blaze3d/vertex/VertexConsumer;Lnet/minecraft/world/level/block/state/BlockState;Lnet/minecraft/client/resources/model/BakedModel;FFFII)V": "Lnet/minecraft/class_778;method_3367(Lnet/minecraft/class_4587$class_4665;Lnet/minecraft/class_4588;Lnet/minecraft/class_2680;Lnet/minecraft/class_1087;FFFII)V"
      },
      "io/vram/frex/mixin/MixinTextureAltasCommon": {
        "reload": "Lnet/minecraft/class_1059;method_18159(Lnet/minecraft/class_1059$class_4007;)V",
        "getBasicSpriteInfos": "Lnet/minecraft/class_1059;method_18164(Lnet/minecraft/class_3300;Ljava/util/Set;)Ljava/util/Collection;"
      },
      "io/vram/frex/pastel/mixin/MixinEntityRenderDispatcher": {
        "render": "Lnet/minecraft/class_898;method_3954(Lnet/minecraft/class_1297;DDDFFLnet/minecraft/class_4587;Lnet/minecraft/class_4597;I)V"
      },
      "io/vram/frex/mixin/MixinItemColors": {
        "createDefault": "Lnet/minecraft/class_325;method_1706(Lnet/minecraft/class_324;)Lnet/minecraft/class_325;"
      },
      "io/vram/frex/mixin/MixinTextureAltasNoFabric": {
        "reload": "Lnet/minecraft/class_1059;method_18159(Lnet/minecraft/class_1059$class_4007;)V"
      },
      "io/vram/frex/pastel/mixin/MixinChunkRebuildTask": {
        "Lnet/minecraft/client/renderer/chunk/RenderChunkRegion;getBlockState(Lnet/minecraft/core/BlockPos;)Lnet/minecraft/world/level/block/state/BlockState;": "Lnet/minecraft/class_853;method_8320(Lnet/minecraft/class_2338;)Lnet/minecraft/class_2680;",
        "Lnet/minecraft/client/renderer/chunk/ChunkRenderDispatcher$RenderChunk$RebuildTask;compile(FFFLnet/minecraft/client/renderer/chunk/ChunkRenderDispatcher$CompiledChunk;Lnet/minecraft/client/renderer/ChunkBufferBuilderPack;)Ljava/util/Set;": "Lnet/minecraft/class_846$class_851$class_4578;method_22785(FFFLnet/minecraft/class_846$class_849;Lnet/minecraft/class_750;)Ljava/util/Set;",
        "Lnet/minecraft/client/renderer/block/ModelBlockRenderer;enableCaching()V": "Lnet/minecraft/class_778;method_20544()V",
        "Lnet/minecraft/client/renderer/block/BlockRenderDispatcher;renderLiquid(Lnet/minecraft/core/BlockPos;Lnet/minecraft/world/level/BlockAndTintGetter;Lcom/mojang/blaze3d/vertex/VertexConsumer;Lnet/minecraft/world/level/material/FluidState;)Z": "Lnet/minecraft/class_776;method_3352(Lnet/minecraft/class_2338;Lnet/minecraft/class_1920;Lnet/minecraft/class_4588;Lnet/minecraft/class_3610;)Z",
        "net.minecraft.client.renderer.chunk.ChunkRenderDispatcher$RenderChunk$RebuildTask": "net/minecraft/class_846$class_851$class_4578",
        "Lnet/minecraft/client/renderer/block/BlockRenderDispatcher;renderBatched(Lnet/minecraft/world/level/block/state/BlockState;Lnet/minecraft/core/BlockPos;Lnet/minecraft/world/level/BlockAndTintGetter;Lcom/mojang/blaze3d/vertex/PoseStack;Lcom/mojang/blaze3d/vertex/VertexConsumer;ZLjava/util/Random;)Z": "Lnet/minecraft/class_776;method_3355(Lnet/minecraft/class_2680;Lnet/minecraft/class_2338;Lnet/minecraft/class_1920;Lnet/minecraft/class_4587;Lnet/minecraft/class_4588;ZLjava/util/Random;)Z"
      },
      "io/vram/frex/pastel/mixin/MixinRenderRegionCache": {
        "isAllEmpty": "Lnet/minecraft/class_6850;method_39970(Lnet/minecraft/class_2338;Lnet/minecraft/class_2338;II[[Lnet/minecraft/class_6850$class_6851;)Z",
        "createRegion": "Lnet/minecraft/class_6850;method_39969(Lnet/minecraft/class_1937;Lnet/minecraft/class_2338;Lnet/minecraft/class_2338;I)Lnet/minecraft/class_853;"
      }
    }
  }
}