{
  "required": true,
  "minVersion": "0.8",
  "package": "io.vram.frex.mixin",
  "compatibilityLevel": "JAVA_16",
  "plugin": "io.vram.frex.mixin.FrexMixinPlugin",
  "mixins": [
    "MixinBakedModel",
    "MixinBlockColors",
    "MixinBlockEntityType",
    "MixinItemBlockRenderTypes",
    "MixinItemColors",
    "MixinLevelRenderer",
    "MixinMatrix3f",
    "MixinMatrix4f",
    "MixinModelBakery",
    "MixinMultipartBakedModel",
    "MixinPoseStack",
    "MixinWeightedBakedModel",
    "MixinTerrainParticle",
    "MixinTextureAltasCommon",
    "MixinTextureAltasNoFabric",
    "MixinTextureAtlasPreparation",
    "MixinTextureAtlasSprite"
  ],
  "injectors": {
    "defaultRequire": 1
  },
  "overwrites": {
    "conformVisibility": true
  },
  "refmap": "frex-refmap.json"
}