{
  "required": true,
  "minVersion": "0.8",
  "package": "io.vram.frex.fabric.mixin",
  "compatibilityLevel": "JAVA_16",
  "plugin": "io.vram.frex.fabric.mixin.FabricMixinPlugin",
  "mixins": [
    "MixinBlockEntityRenderDataImpl",
    "MixinFabricBakedModel",
    "MixinFabricSpriteFinder",
    "MixinFluidAppearanceImpl",
    "MixinFluidRenderHandler",
    "MixinFrex",
    "MixinSpriteFinderHolder"
  ],
  "injectors": {
    "defaultRequire": 1
  },
  "overwrites": {
    "conformVisibility": true
  },
  "refmap": "frex-refmap.json"
}