{
  "info": [
    {
      "id": 2,
      "x": 88,
      "y": 0
    },
    {
      "id": 40,
      "x": 3,
      "y": 0
    },
    {
      "id": 41,
      "x": 3.8,
      "y": 0
    },
    {
      "id": 44,
      "x": 2,
      "y": 1.8
    },
    {
      "id": 45,
      "x": 6,
      "y": 0
    },
    {
      "id": 46,
      "x": 2,
      "y": 0.7
    },
    {
      "id": 48,
      "x": 6,
      "y": 0
    },
    {
      "id": 49,
      "x": 5.5,
      "y": 0
    },
    {
      "id": 50,
      "x": 6.5,
      "y": 0
    },
    {
      "id": 51,
      "x": 6.5,
      "y": 0
    },
    {
      "id": 52,
      "x": 6.5,
      "y": 0
    },
    {
      "id": 53,
      "x": 6.5,
      "y": 0
    },
    {
      "id": 54,
      "x": 6.5,
      "y": 0
    },
    {
      "id": 55,
      "x": 6.5,
      "y": 0
    },
    {
      "id": 56,
      "x": 6.5,
      "y": 0
    },
    {
      "id": 57,
      "x": 6.5,
      "y": 0
    },
    {
      "id": 58,
      "x": 6.5,
      "y": 0
    },
    {
      "id": 64,
      "x": 8.5,
      "y": 0
    },
    {
      "id": 65,
      "x": 8.4,
      "y": 0
    },
    {
      "id": 66,
      "x": 7.5,
      "y": 0
    },
    {
      "id": 67,
      "x": 7.9,
      "y": 0
    },
    {
      "id": 68,
      "x": 7.9,
      "y": 0
    },
    {
      "id": 69,
      "x": 7.9,
      "y": 0
    },
    {
      "id": 70,
      "x": 7.3,
      "y": 0
    },
    {
      "id": 71,
      "x": 8.5,
      "y": 0
    },
    {
      "id": 72,
      "x": 8.1,
      "y": 0
    },
    {
      "id": 73,
      "x": 3.5,
      "y": 0
    },
    {
      "id": 74,
      "x": 7,
      "y": 0
    },
    {
      "id": 75,
      "x": 7.7,
      "y": 0
    },
    {
      "id": 76,
      "x": 7.6,
      "y": 0
    },
    {
      "id": 77,
      "x": 8.5,
      "y": 0
    },
    {
      "id": 78,
      "x": 8,
      "y": 0
    },
    {
      "id": 80,
      "x": 7.9,
      "y": 0
    },
    {
      "id": 81,
      "x": 8.5,
      "y": 0
    },
    {
      "id": 82,
      "x": 8.3,
      "y": 0
    },
    {
      "id": 83,
      "x": 8,
      "y": 0
    },
    {
      "id": 84,
      "x": 7.5,
      "y": 0
    },
    {
      "id": 85,
      "x": 8,
      "y": 0
    },
    {
      "id": 86,
      "x": 8,
      "y": 0
    },
    {
      "id": 87,
      "x": 8,
      "y": 0
    },
    {
      "id": 88,
      "x": 8,
      "y": 0
    },
    {
      "id": 89,
      "x": 8,
      "y": 0
    },
    {
      "id": 90,
      "x": 8.5,
      "y": 0
    },
    {
      "id": 97,
      "x": 6.5,
      "y": 0
    },
    {
      "id": 98,
      "x": 6.2,
      "y": 0
    },
    {
      "id": 99,
      "x": 6.5,
      "y": 0
    },
    {
      "id": 100,
      "x": 6.5,
      "y": 0
    },
    {
      "id": 101,
      "x": 6.5,
      "y": 0
    },
    {
      "id": 102,
      "x": 4.5,
      "y": 0
    },
    {
      "id": 103,
      "x": 6.5,
      "y": 1.5
    },
    {
      "id": 104,
      "x": 6.5,
      "y": 0
    },
    {
      "id": 105,
      "x": 3.5,
      "y": 0
    },
    {
      "id": 106,
      "x": 6,
      "y": 0.9
    },
    {
      "id": 107,
      "x": 6.5,
      "y": 0
    },
    {
      "id": 108,
      "x": 3,
      "y": 0
    },
    {
      "id": 109,
      "x": 8.5,
      "y": 0
    },
    {
      "id": 110,
      "x": 6.5,
      "y": 0
    },
    {
      "id": 111,
      "x": 6.8,
      "y": 0
    },
    {
      "id": 112,
      "x": 6,
      "y": 1.5
    },
    {
      "id": 113,
      "x": 7.5,
      "y": 1.5
    },
    {
      "id": 114,
      "x": 4.5,
      "y": 0
    },
    {
      "id": 115,
      "x": 6.5,
      "y": 0
    },
    {
      "id": 116,
      "x": 4.5,
      "y": 0
    },
    {
      "id": 117,
      "x": 6,
      "y": 0
    },
    {
      "id": 118,
      "x": 6,
      "y": 0
    },
    {
      "id": 119,
      "x": 8.5,
      "y": 0
    },
    {
      "id": 120,
      "x": 6.5,
      "y": 0
    },
    {
      "id": 121,
      "x": 6.5,
      "y": 1.6
    },
    {
      "id": 122,
      "x": 6.5,
      "y": 0
    }
  ]
}