{
  "schemaVersion": 1,
  "id": "block_renderer",
  "version": "1.18.1",

  "name": "BlockRenderer",
  "description": "It renders blocks and items.",
  "authors": [
    "Una",
    "xbony2",
    "modmuss50",
    "AterAnimAvis",
    "Brian Paul (TR Library)"
  ],
  "contact": {
    "homepage": "https://unascribed.com",
    "sources": "https://github.com/AterAnimAvis/BlockRenderer/",
    "issues": "https://github.com/AterAnimAvis/BlockRenderer/issues"
  },

  "license": "MIT",
  "icon": "logo-blockrenderer.png",

  "environment": "client",
  "entrypoints": {
    "client": [
      "com.unascribed.blockrenderer.fabric.BlockRenderer"
    ]
  },
  "mixins": [
    "block_renderer.mixins.json"
  ],

  "depends": {
    "fabricloader": ">=0.10.6",
    "fabric": "*",
    "minecraft": ">=1.18.1"
  }

}