{
  "mappings": {
    "com/unascribed/blockrenderer/fabric/mixin/accessor/IHoveredSlot": {
      "hoveredSlot": "field_2787:Lnet/minecraft/class_1735;"
    },
    "com/unascribed/blockrenderer/fabric/mixin/MixinMinecraftClient": {
      "runGameLoop(Z)V": "Lnet/minecraft/class_310;method_1523(Z)V",
      "Lnet/minecraft/profiler/IProfiler;endStartSection(Ljava/lang/String;)V": "Lnet/minecraft/class_3695;method_15405(Ljava/lang/String;)V"
    }
  },
  "data": {
    "named:intermediary": {
      "com/unascribed/blockrenderer/fabric/mixin/accessor/IHoveredSlot": {
        "hoveredSlot": "field_2787:Lnet/minecraft/class_1735;"
      },
      "com/unascribed/blockrenderer/fabric/mixin/MixinMinecraftClient": {
        "runGameLoop(Z)V": "Lnet/minecraft/class_310;method_1523(Z)V",
        "Lnet/minecraft/profiler/IProfiler;endStartSection(Ljava/lang/String;)V": "Lnet/minecraft/class_3695;method_15405(Ljava/lang/String;)V"
      }
    }
  }
}